{
    "XGBoost": {
        "accuracy": {
            "mean": 0.9976879520146245,
            "std": 0.0011222524871558031,
            "per_fold": [
                0.9955971381397909,
                0.9977985690698954,
                0.998898678414097,
                0.9977973568281938,
                0.9983480176211453
            ]
        },
        "precision": {
            "mean": 0.9014705882352942,
            "std": 0.09319399716326388,
            "per_fold": [
                0.75,
                0.8823529411764706,
                1.0,
                0.875,
                1.0
            ]
        },
        "recall": {
            "mean": 0.8389705882352942,
            "std": 0.051175625415603866,
            "per_fold": [
                0.75,
                0.8823529411764706,
                0.875,
                0.875,
                0.8125
            ]
        },
        "f1": {
            "mean": 0.867447599729547,
            "std": 0.06206629775621259,
            "per_fold": [
                0.75,
                0.8823529411764706,
                0.9333333333333333,
                0.875,
                0.896551724137931
            ]
        },
        "roc_auc": {
            "mean": 0.9879508393122194,
            "std": 0.012932664795691226,
            "per_fold": [
                0.975534425319267,
                0.9997058823529411,
                0.9691319444444444,
                0.9975694444444445,
                0.9978125
            ]
        },
        "pr_auc": {
            "mean": 0.9078755263735164,
            "std": 0.04196530330820385,
            "per_fold": [
                0.8477473133976683,
                0.9704598506069095,
                0.8821062982507574,
                0.9325211176088369,
                0.9065430520034101
            ]
        }
    }
}