{
    "XGBoost": {
        "accuracy": 0.9958711808422791,
        "precision": 0.8695652173913043,
        "recall": 0.625,
        "f1": 0.7272727272727273,
        "roc_auc": 0.9697653429602887,
        "pr_auc": 0.8041247052510511,
        "confusion_matrix": [
            [
                3598,
                3
            ],
            [
                12,
                20
            ]
        ],
        "threshold": 0.25
    },
    "LightGBM": {
        "accuracy": 0.9944949077897055,
        "precision": 0.7727272727272727,
        "recall": 0.53125,
        "f1": 0.6296296296296297,
        "roc_auc": 0.9599330047209108,
        "pr_auc": 0.6821863496720381,
        "confusion_matrix": [
            [
                3596,
                5
            ],
            [
                15,
                17
            ]
        ],
        "threshold": 0.25
    },
    "RandomForest": {
        "accuracy": 0.9931186347371318,
        "precision": 0.6296296296296297,
        "recall": 0.53125,
        "f1": 0.576271186440678,
        "roc_auc": 0.9510379061371841,
        "pr_auc": 0.6217760893729648,
        "confusion_matrix": [
            [
                3591,
                10
            ],
            [
                15,
                17
            ]
        ],
        "threshold": 0.25
    },
    "ExtraTrees": {
        "accuracy": 0.993944398568676,
        "precision": 1.0,
        "recall": 0.3125,
        "f1": 0.47619047619047616,
        "roc_auc": 0.9421341294084976,
        "pr_auc": 0.544484725326418,
        "confusion_matrix": [
            [
                3601,
                0
            ],
            [
                22,
                10
            ]
        ],
        "threshold": 0.25
    },
    "LogisticRegression": {
        "accuracy": 0.700522983759978,
        "precision": 0.025179856115107913,
        "recall": 0.875,
        "f1": 0.04895104895104895,
        "roc_auc": 0.8753861774507081,
        "pr_auc": 0.1498283553228429,
        "confusion_matrix": [
            [
                2517,
                1084
            ],
            [
                4,
                28
            ]
        ],
        "threshold": 0.25
    },
    "Ensemble": {
        "accuracy": 0.9950454170107349,
        "precision": 0.8181818181818182,
        "recall": 0.5625,
        "f1": 0.6666666666666666,
        "roc_auc": 0.961165301305193,
        "pr_auc": 0.7307037061008825,
        "confusion_matrix": [
            [
                3597,
                4
            ],
            [
                14,
                18
            ]
        ],
        "threshold": 0.25
    }
}