{
    "c_estimate": 0.8390018691590629,
    "spy_threshold": 0.003558696417197312,
    "reliable_negatives_count": 781
}